-- phpMyAdmin SQL Dump
-- version 3.4.10.1deb1
-- http://www.phpmyadmin.net
--
-- Host: localhost
-- Generation Time: Aug 14, 2014 at 10:57 AM
-- Server version: 5.5.38
-- PHP Version: 5.3.10-1ubuntu3.13

SET SQL_MODE="NO_AUTO_VALUE_ON_ZERO";
SET time_zone = "+00:00";


/*!40101 SET @OLD_CHARACTER_SET_CLIENT=@@CHARACTER_SET_CLIENT */;
/*!40101 SET @OLD_CHARACTER_SET_RESULTS=@@CHARACTER_SET_RESULTS */;
/*!40101 SET @OLD_COLLATION_CONNECTION=@@COLLATION_CONNECTION */;
/*!40101 SET NAMES utf8 */;

--
-- Database: `test`
--

-- --------------------------------------------------------

--
-- Table structure for table `chats`
--

CREATE TABLE IF NOT EXISTS `chats` (
  `id` int(11) NOT NULL AUTO_INCREMENT,
  `title` varchar(255) COLLATE utf8_unicode_ci NOT NULL,
  `admin` varchar(255) COLLATE utf8_unicode_ci NOT NULL,
  `admin_id` int(11) NOT NULL DEFAULT '-1',
  `live` int(11) NOT NULL DEFAULT '1',
  `details` text COLLATE utf8_unicode_ci,
  `raw_details` text COLLATE utf8_unicode_ci,
  `created_at` datetime DEFAULT NULL,
  `updated_at` datetime DEFAULT NULL,
  `type` varchar(255) COLLATE utf8_unicode_ci NOT NULL DEFAULT 'public',
  `upvotes` int(11) NOT NULL DEFAULT '0',
  `downvotes` int(11) NOT NULL DEFAULT '0',
  `link` varchar(255) COLLATE utf8_unicode_ci DEFAULT NULL,
  `image` varchar(255) COLLATE utf8_unicode_ci DEFAULT NULL,
  `site_name` varchar(255) COLLATE utf8_unicode_ci DEFAULT NULL,
  `views` int(11) NOT NULL DEFAULT '0',
  `removed` int(11) NOT NULL DEFAULT '0',
  `members` int(11) NOT NULL DEFAULT '0',
  `group` int(11) NOT NULL DEFAULT '0',
  PRIMARY KEY (`id`),
  KEY `title` (`title`)
) ENGINE=InnoDB  DEFAULT CHARSET=utf8 COLLATE=utf8_unicode_ci AUTO_INCREMENT=9 ;

--
-- Dumping data for table `chats`
--

INSERT INTO `chats` (`id`, `title`, `admin`, `admin_id`, `live`, `details`, `raw_details`, `created_at`, `updated_at`, `type`, `upvotes`, `downvotes`, `link`, `image`, `site_name`, `views`, `removed`, `members`, `group`) VALUES
(1, 'A new test chat', 'Omnium', 1, 1, NULL, NULL, '2014-01-12 05:59:23', '2014-08-05 04:46:17', 'open', 0, 0, NULL, NULL, NULL, 50, 1, 0, 0),
(2, 'A test chat', 'Omnium', 1, 0, '', '', '2014-01-12 22:02:41', '2014-03-14 22:27:39', 'open', 0, 0, NULL, NULL, NULL, 839, 0, 0, 0),
(3, 'Testing images', 'Omnium', 1, 0, '<p>Just a test description with some <em>markdown</em> basics in it and a link<br />\nto the author of course <a class=''chat_link'' href=''\\/\\/mutualcog.com/p/Omnium''>/p/Omnium</a><br />\nwhat happens if I put another line in here? <strong>hmmmm</strong></p>', 'Just a test description with some *markdown* basics in it and a link\nto the author of course /p/Omnium\nwhat happens if I put another line in here? **hmmmm**', '2014-03-10 16:28:56', '2014-08-13 16:47:27', 'live', 0, 0, 'http://i.imgur.com/LJ8zguP.jpg', 'http://i.imgur.com/LJ8zguP.jpg', 'i.imgur.com', 280, 0, 0, 0),
(4, 'Testing the advanced controls and stuff', 'Omnium', 1, 1, 'Just a description <em>with</em> some markdown <a class=''chat_link'' href=''\\/\\/mutualcog.com/p/Omnium''>/p/Omnium</a>', 'Just a description *with* some markdown /p/Omnium', '2014-03-13 03:26:10', '2014-08-05 19:27:41', 'open', 0, 0, NULL, NULL, NULL, 14, 0, 0, 0),
(5, 'Creating a static chat', 'Omnium', 1, 1, 'Hello <a class=''chat_link'' href=''\\/\\/mutualcog.com/p/Omnium''>@Omnium</a>', 'Hello @Omnium', '2014-03-13 03:29:03', '2014-08-05 04:46:07', 'open', 0, 0, NULL, NULL, NULL, 459, 1, 0, 0),
(6, 'testing static stuff', 'Omnium', 1, 1, NULL, NULL, '2014-03-13 03:37:28', '2014-08-13 23:25:51', 'open', 0, 0, NULL, NULL, NULL, 192, 0, 0, 0),
(8, 'A second chat', 'Bob', 4, 1, NULL, NULL, '2014-04-06 20:35:38', '2014-08-13 18:03:31', 'open', 0, 0, NULL, NULL, NULL, 163, 0, 0, 0);

-- --------------------------------------------------------

--
-- Table structure for table `chats_to_tags`
--

CREATE TABLE IF NOT EXISTS `chats_to_tags` (
  `id` int(11) NOT NULL AUTO_INCREMENT,
  `chat_id` int(11) NOT NULL,
  `tag_id` int(11) NOT NULL,
  `removed` int(11) NOT NULL DEFAULT '0',
  PRIMARY KEY (`id`),
  KEY `chat_id` (`chat_id`,`tag_id`)
) ENGINE=InnoDB  DEFAULT CHARSET=latin1 AUTO_INCREMENT=38 ;

--
-- Dumping data for table `chats_to_tags`
--

INSERT INTO `chats_to_tags` (`id`, `chat_id`, `tag_id`, `removed`) VALUES
(1, 1, 1, 0),
(2, 2, 2, 0),
(3, 3, 2, 0),
(4, 4, 2, 0),
(5, 5, 3, 0),
(6, 5, 4, 0),
(7, 5, 5, 0),
(8, 6, 6, 0),
(9, 6, 7, 0),
(10, 6, 8, 0),
(11, 6, 9, 0),
(12, 8, 10, 0),
(13, 8, 11, 0),
(14, 8, 12, 0),
(15, 8, 13, 0),
(16, 9, 14, 0),
(17, 10, 1, 0),
(18, 11, 1, 0),
(19, 12, 1, 0),
(20, 13, 1, 0),
(21, 14, 1, 0),
(22, 15, 1, 0),
(23, 16, 1, 0),
(24, 17, 1, 0),
(25, 18, 1, 0),
(26, 19, 1, 0),
(27, 20, 1, 0),
(28, 21, 1, 0),
(29, 22, 1, 0),
(30, 1, 1, 0),
(31, 2, 2, 0),
(32, 3, 1, 0),
(33, 4, 1, 0),
(34, 5, 1, 0),
(35, 6, 1, 0),
(36, 7, 1, 0),
(37, 8, 1, 0);

-- --------------------------------------------------------

--
-- Table structure for table `chats_voted`
--

CREATE TABLE IF NOT EXISTS `chats_voted` (
  `id` int(11) NOT NULL AUTO_INCREMENT,
  `chat_id` int(11) NOT NULL,
  `member_id` int(11) NOT NULL,
  `status` int(11) NOT NULL DEFAULT '0',
  PRIMARY KEY (`id`)
) ENGINE=InnoDB  DEFAULT CHARSET=latin1 AUTO_INCREMENT=4 ;

--
-- Dumping data for table `chats_voted`
--

INSERT INTO `chats_voted` (`id`, `chat_id`, `member_id`, `status`) VALUES
(1, 1, 1, 1),
(2, 7, 4, 1),
(3, 8, 4, 1);

-- --------------------------------------------------------

--
-- Table structure for table `interaction_users`
--

CREATE TABLE IF NOT EXISTS `interaction_users` (
  `id` int(11) NOT NULL AUTO_INCREMENT,
  `user_id` int(11) NOT NULL,
  `entity_id` int(11) NOT NULL,
  `type` int(11) NOT NULL DEFAULT '0',
  `friended` int(11) NOT NULL DEFAULT '0',
  `created_at` datetime NOT NULL,
  `updated_at` datetime NOT NULL,
  `bond` int(11) NOT NULL DEFAULT '0',
  PRIMARY KEY (`id`),
  KEY `user_idx` (`user_id`),
  KEY `interaction_idx` (`entity_id`)
) ENGINE=InnoDB  DEFAULT CHARSET=latin1 AUTO_INCREMENT=3 ;

--
-- Dumping data for table `interaction_users`
--

INSERT INTO `interaction_users` (`id`, `user_id`, `entity_id`, `type`, `friended`, `created_at`, `updated_at`, `bond`) VALUES
(1, 4, 1, 0, 1, '2014-05-25 20:47:34', '2014-08-13 23:23:03', 51),
(2, 1, 4, 0, 1, '2014-05-25 20:47:34', '2014-07-13 18:07:32', 129);

-- --------------------------------------------------------

--
-- Table structure for table `members_to_chats`
--

CREATE TABLE IF NOT EXISTS `members_to_chats` (
  `id` int(11) NOT NULL AUTO_INCREMENT,
  `chat_id` int(11) NOT NULL,
  `member_id` int(11) NOT NULL,
  `is_mod` int(11) NOT NULL,
  `is_admin` int(11) NOT NULL,
  `user` varchar(255) NOT NULL,
  `active` int(11) NOT NULL DEFAULT '0',
  `banned` int(11) NOT NULL DEFAULT '0',
  PRIMARY KEY (`id`),
  KEY `chat_id` (`chat_id`,`member_id`),
  KEY `author` (`user`)
) ENGINE=InnoDB  DEFAULT CHARSET=latin1 AUTO_INCREMENT=34 ;

--
-- Dumping data for table `members_to_chats`
--

INSERT INTO `members_to_chats` (`id`, `chat_id`, `member_id`, `is_mod`, `is_admin`, `user`, `active`, `banned`) VALUES
(1, 8, 1, 0, 0, 'Omnium', 0, 0),
(2, 5, 1, 0, 1, 'Omnium', 0, 0),
(3, 8, 155, 0, 0, '137880073', 1, 0),
(4, 8, 4, 0, 1, 'Bob', 1, 0),
(5, 8, 156, 0, 0, '169693618', 1, 0),
(6, 8, 161, 0, 0, '145867030', 1, 0),
(7, 8, 162, 0, 0, '104808579', 0, 0),
(8, 8, 163, 0, 0, '116236217', 0, 0),
(9, 8, 164, 0, 0, '38816918', 1, 0),
(10, 8, 167, 0, 0, '216684825', 0, 0),
(11, 5, 174, 0, 0, '100288325', 0, 0),
(12, 8, 190, 0, 0, '47903202', 1, 0),
(13, 8, 192, 0, 0, '153251245', 1, 0),
(14, 8, 193, 0, 0, '97168747', 1, 0),
(15, 8, 195, 0, 0, '114919667', 0, 0),
(16, 7, 199, 0, 0, '117667229', 0, 0),
(17, 6, 1, 0, 1, 'Omnium', 0, 0),
(18, 6, 205, 0, 0, '224785232', 0, 0),
(19, 6, 206, 0, 0, '24282545', 0, 0),
(20, 8, 213, 0, 0, '31541016', 0, 0),
(21, 8, 214, 0, 0, '260324891', 0, 0),
(22, 6, 214, 0, 0, '260324891', 0, 0),
(23, 6, 216, 0, 0, '125063196', 0, 0),
(24, 6, 218, 0, 0, '69574714', 0, 0),
(25, 7, 220, 0, 0, '164434223', 0, 0),
(26, 6, 220, 0, 0, '164434223', 0, 0),
(27, 8, 220, 0, 0, '164434223', 0, 0),
(28, 8, 229, 0, 0, '66840329', 0, 0),
(29, 3, 230, 0, 0, '186748993', 0, 0),
(30, 3, 1, 0, 1, 'Omnium', 0, 0),
(31, 3, 231, 0, 0, '56770169', 0, 0),
(32, 6, 234, 0, 0, '205801104', 0, 0),
(33, 6, 4, 0, 0, 'Bob', 0, 0);

-- --------------------------------------------------------

--
-- Table structure for table `messages`
--

CREATE TABLE IF NOT EXISTS `messages` (
  `id` int(11) NOT NULL AUTO_INCREMENT,
  `message` text COLLATE utf8_unicode_ci NOT NULL,
  `chat_id` int(11) NOT NULL,
  `member_id` int(11) NOT NULL,
  `created_at` datetime DEFAULT NULL,
  `updated_at` datetime DEFAULT NULL,
  `responseto` int(11) NOT NULL,
  `parent` int(11) NOT NULL DEFAULT '0',
  `level` int(11) NOT NULL DEFAULT '0',
  `h_level` int(11) NOT NULL DEFAULT '0',
  `responses` int(11) NOT NULL DEFAULT '0',
  `author` varchar(255) COLLATE utf8_unicode_ci NOT NULL,
  `serial` int(11) NOT NULL,
  `upvotes` int(11) NOT NULL DEFAULT '0',
  `downvotes` int(11) NOT NULL DEFAULT '0',
  `path` varchar(255) COLLATE utf8_unicode_ci NOT NULL DEFAULT '0',
  `readable` int(11) NOT NULL DEFAULT '0',
  `type` varchar(255) COLLATE utf8_unicode_ci NOT NULL DEFAULT 'public',
  PRIMARY KEY (`id`),
  KEY `chat_id` (`chat_id`,`member_id`),
  KEY `member_idx` (`member_id`),
  KEY `responseto` (`responseto`),
  KEY `author` (`author`)
) ENGINE=InnoDB  DEFAULT CHARSET=utf8 COLLATE=utf8_unicode_ci AUTO_INCREMENT=37 ;

--
-- Dumping data for table `messages`
--

INSERT INTO `messages` (`id`, `message`, `chat_id`, `member_id`, `created_at`, `updated_at`, `responseto`, `parent`, `level`, `h_level`, `responses`, `author`, `serial`, `upvotes`, `downvotes`, `path`, `readable`, `type`) VALUES
(1, '&gt;<img style="height:18px;" src="//localhost/laravel/app/emoji/disappointed.png"></img>', 7, 199, '2014-07-26 20:56:07', '2014-07-26 20:56:07', 0, 0, 0, 0, 0, '117667229', 117667229, 0, 0, '0.00000001', 1, 'public'),
(2, '<img style="height:18px;" src="//localhost/laravel/app/emoji/angry.png"></img> <img style="height:18px;" src="//localhost/laravel/app/emoji/rage.png"></img> <img style="height:18px;" src="//localhost/laravel/app/emoji/heart.png"></img> <img style="height:18px;" src="//localhost/laravel/app/emoji/smile.png"></img> <img style="height:18px;" src="//localhost/laravel/app/emoji/smiley.png"></img> <img style="height:18px;" src="//localhost/laravel/app/emoji/neutral_face.png"></img> <img style="height:18px;" src="//localhost/laravel/app/emoji/cry.png"></img> <img style="height:18px;" src="//localhost/laravel/app/emoji/open_mouth.png"></img> <img style="height:18px;" src="//localhost/laravel/app/emoji/stuck_out_tongue_closed_eyes.png"></img> <img style="height:18px;" src="//localhost/laravel/app/emoji/sob.png"></img> <img style="height:18px;" src="//localhost/laravel/app/emoji/disappointed.png"></img> <img style="height:18px;" src="//localhost/laravel/app/emoji/confused.png"></img>', 7, 199, '2014-07-26 20:57:37', '2014-07-26 20:57:37', 0, 0, 0, 0, 0, '117667229', 117667229, 0, 0, '0.00000002', 1, 'public'),
(3, 'testing', 6, 1, '2014-08-01 19:20:15', '2014-08-01 19:20:15', 0, 0, 0, 0, 0, 'Omnium', 193240867, 0, 0, '0.00000003', 1, 'public'),
(4, 'test', 6, 1, '2014-08-01 19:20:15', '2014-08-01 19:20:15', 0, 0, 0, 0, 0, 'Omnium', 193240867, 0, 0, '0.00000004', 1, 'public'),
(5, 'tester', 6, 1, '2014-08-01 19:20:17', '2014-08-01 19:20:17', 0, 0, 0, 0, 1, 'Omnium', 193240867, 0, 0, '0.00000005', 1, 'public'),
(6, 'bleh', 6, 1, '2014-08-01 19:20:19', '2014-08-01 19:20:19', 0, 0, 0, 0, 0, 'Omnium', 193240867, 0, 0, '0.00000006', 1, 'public'),
(7, 'mah', 6, 1, '2014-08-01 19:20:20', '2014-08-01 19:20:20', 0, 0, 0, 0, 0, 'Omnium', 193240867, 0, 0, '0.00000007', 1, 'public'),
(8, 'ima', 6, 1, '2014-08-01 19:20:23', '2014-08-01 19:20:23', 0, 0, 0, 0, 0, 'Omnium', 193240867, 0, 0, '0.00000008', 1, 'public'),
(9, 'go', 6, 1, '2014-08-01 19:20:23', '2014-08-01 19:20:23', 0, 0, 0, 0, 0, 'Omnium', 193240867, 0, 0, '0.00000009', 1, 'public'),
(10, 'on', 6, 1, '2014-08-01 19:20:24', '2014-08-01 19:20:24', 0, 0, 0, 0, 0, 'Omnium', 193240867, 0, 0, '0.00000010', 1, 'public'),
(11, 'an adventure', 6, 1, '2014-08-01 19:20:26', '2014-08-01 19:20:26', 0, 0, 0, 0, 0, 'Omnium', 193240867, 0, 0, '0.00000011', 1, 'public'),
(12, 'starting', 6, 1, '2014-08-01 19:20:27', '2014-08-01 19:20:27', 0, 0, 0, 0, 0, 'Omnium', 193240867, 0, 0, '0.00000012', 1, 'public'),
(13, 'tomorrow', 6, 1, '2014-08-01 19:20:28', '2014-08-01 19:20:28', 0, 0, 0, 0, 0, 'Omnium', 193240867, 0, 0, '0.00000013', 1, 'public'),
(14, 'morning', 6, 1, '2014-08-01 19:20:30', '2014-08-01 19:20:30', 0, 0, 0, 0, 0, 'Omnium', 193240867, 0, 0, '0.00000014', 1, 'public'),
(15, 'don&#39;t ya', 6, 1, '2014-08-01 19:20:31', '2014-08-01 19:20:31', 0, 0, 0, 0, 0, 'Omnium', 193240867, 0, 0, '0.00000015', 1, 'public'),
(16, 'know', 6, 1, '2014-08-01 19:20:32', '2014-08-01 19:20:32', 0, 0, 0, 0, 0, 'Omnium', 193240867, 0, 0, '0.00000016', 1, 'public'),
(17, 'testing stuff', 8, 213, '2014-08-03 03:29:02', '2014-08-03 03:29:02', 0, 0, 0, 0, 0, '31541016', 31541016, 0, 0, '0.00000017', 1, 'public'),
(18, 'Hello world', 8, 213, '2014-08-03 03:49:23', '2014-08-03 03:49:23', 0, 0, 0, 0, 0, '31541016', 31541016, 0, 0, '0.00000018', 1, 'public'),
(19, 'Hello world', 8, 213, '2014-08-03 03:50:16', '2014-08-03 03:50:16', 0, 0, 0, 0, 0, '31541016', 31541016, 0, 0, '0.00000019', 1, 'public'),
(20, 'stuff', 6, 214, '2014-08-03 18:54:10', '2014-08-03 18:54:10', 0, 0, 0, 0, 0, '260324891', 260324891, 0, 0, '0.00000020', 1, 'public'),
(21, 'more stuff', 6, 214, '2014-08-03 18:54:25', '2014-08-03 18:54:25', 0, 0, 0, 0, 0, '260324891', 260324891, 0, 0, '0.00000021', 1, 'public'),
(22, 'testing', 6, 1, '2014-08-03 22:08:22', '2014-08-03 22:08:22', 0, 0, 0, 0, 0, 'Omnium', 239022661, 0, 0, '0.00000022', 1, 'public'),
(23, 'test', 6, 1, '2014-08-03 22:08:24', '2014-08-03 22:08:24', 0, 0, 0, 0, 0, 'Omnium', 239022661, 0, 0, '0.00000023', 1, 'public'),
(24, 'moar test', 6, 1, '2014-08-03 22:08:28', '2014-08-03 22:08:28', 0, 0, 0, 0, 1, 'Omnium', 239022661, 0, 0, '0.00000024', 1, 'public'),
(25, '<em>This message has been deleted</em>', 6, 1, '2014-08-03 22:08:32', '2014-08-03 22:08:32', 0, 0, 0, 0, 0, 'Omnium', 239022661, 0, 0, '0.00000025', 1, 'public'),
(26, '<em>bold</em>', 6, 220, '2014-08-04 19:06:20', '2014-08-04 19:06:20', 0, 0, 0, 0, 0, '164434223', 164434223, 0, 0, '0.00000026', 1, 'public'),
(27, '<strong>bold</strong>', 6, 220, '2014-08-04 19:06:24', '2014-08-04 19:06:24', 0, 0, 0, 0, 0, '164434223', 164434223, 0, 0, '0.00000027', 1, 'public'),
(28, '<em>bold?</em>', 6, 220, '2014-08-04 19:06:37', '2014-08-04 19:06:37', 0, 0, 0, 0, 0, '164434223', 164434223, 0, 0, '0.00000028', 1, 'public'),
(29, '<strong><em>bold</em></strong>', 6, 220, '2014-08-04 19:06:42', '2014-08-04 19:06:42', 0, 0, 0, 0, 0, '164434223', 164434223, 0, 0, '0.00000029', 1, 'public'),
(30, '~strikethrough~', 6, 220, '2014-08-04 19:07:46', '2014-08-04 19:07:46', 0, 0, 0, 0, 0, '164434223', 164434223, 0, 0, '0.00000030', 1, 'public'),
(31, 'bold</p>\n<hr>', 6, 220, '2014-08-04 19:08:38', '2014-08-04 19:08:38', 0, 0, 0, 0, 0, '164434223', 164434223, 0, 0, '0.00000031', 1, 'public'),
(32, '<hr>', 6, 220, '2014-08-04 19:08:42', '2014-08-04 19:08:42', 0, 0, 0, 0, 0, '164434223', 164434223, 0, 0, '0.00000032', 1, 'public'),
(33, 'bold_', 6, 220, '2014-08-04 19:08:46', '2014-08-04 19:08:46', 0, 0, 0, 0, 0, '164434223', 164434223, 0, 0, '0.00000033', 1, 'public'),
(34, '<h1 id="bold">bold</h1>', 6, 220, '2014-08-04 19:08:55', '2014-08-04 19:08:55', 0, 0, 0, 0, 0, '164434223', 164434223, 0, 0, '0.00000034', 1, 'public'),
(35, 'test', 6, 4, '2014-08-13 23:24:13', '2014-08-13 23:24:13', 5, 5, 1, 1, 0, 'Bob', 205801104, 0, 0, '0.00000005.00000035', 1, 'public'),
(36, 'another response', 6, 4, '2014-08-13 23:24:38', '2014-08-13 23:24:38', 24, 24, 1, 1, 0, 'Bob', 205801104, 0, 0, '0.00000024.00000036', 1, 'public');

-- --------------------------------------------------------

--
-- Table structure for table `messages_voted`
--

CREATE TABLE IF NOT EXISTS `messages_voted` (
  `id` int(11) NOT NULL AUTO_INCREMENT,
  `message_id` int(11) NOT NULL,
  `member_id` int(11) NOT NULL,
  `status` int(11) NOT NULL DEFAULT '0',
  PRIMARY KEY (`id`)
) ENGINE=InnoDB  DEFAULT CHARSET=latin1 AUTO_INCREMENT=24 ;

--
-- Dumping data for table `messages_voted`
--

INSERT INTO `messages_voted` (`id`, `message_id`, `member_id`, `status`) VALUES
(1, 1, 1, 0),
(2, 33, 1, 1),
(3, 34, 1, 1),
(4, 3, 1, 1),
(5, 4, 1, 1),
(6, 5, 1, 1),
(7, 6, 1, 1),
(8, 7, 1, 1),
(9, 8, 1, 1),
(10, 9, 1, 1),
(11, 10, 1, 1),
(12, 11, 1, 1),
(13, 12, 1, 1),
(14, 13, 1, 1),
(15, 14, 1, 1),
(16, 15, 1, 1),
(17, 16, 1, 1),
(18, 22, 1, 1),
(19, 23, 1, 1),
(20, 24, 1, 1),
(21, 25, 1, 1),
(22, 35, 4, 1),
(23, 36, 4, 1);

-- --------------------------------------------------------

--
-- Table structure for table `migrations`
--

CREATE TABLE IF NOT EXISTS `migrations` (
  `migration` varchar(255) COLLATE utf8_unicode_ci NOT NULL,
  `batch` int(11) NOT NULL
) ENGINE=InnoDB DEFAULT CHARSET=utf8 COLLATE=utf8_unicode_ci;

-- --------------------------------------------------------

--
-- Table structure for table `node_auth`
--

CREATE TABLE IF NOT EXISTS `node_auth` (
  `id` int(11) NOT NULL AUTO_INCREMENT,
  `user_id` int(11) NOT NULL,
  `user` varchar(255) NOT NULL,
  `serial` varchar(255) NOT NULL,
  `serial_id` int(11) NOT NULL,
  `sid` text NOT NULL,
  `authorized` int(11) NOT NULL DEFAULT '0',
  PRIMARY KEY (`id`)
) ENGINE=InnoDB  DEFAULT CHARSET=latin1 AUTO_INCREMENT=4 ;

--
-- Dumping data for table `node_auth`
--

INSERT INTO `node_auth` (`id`, `user_id`, `user`, `serial`, `serial_id`, `sid`, `authorized`) VALUES
(1, 1, 'Omnium', '205801104', 234, '66f159d3ebb32b16bf7d1832d6c358c4fa63944d', 1),
(2, 4, 'Bob', '205801104', 234, '639ee004ddb85b7a38fb087bb1a9824fec6fdd7f', 0),
(3, 6, 'Auros', '', 0, '', 0);

-- --------------------------------------------------------

--
-- Table structure for table `private_chats`
--

CREATE TABLE IF NOT EXISTS `private_chats` (
  `id` int(11) NOT NULL AUTO_INCREMENT,
  `title` varchar(255) DEFAULT NULL,
  `created_at` datetime NOT NULL,
  `updated_at` datetime NOT NULL,
  `total_messages` int(11) NOT NULL DEFAULT '0',
  `member_count` int(11) NOT NULL DEFAULT '2',
  `seen` int(11) NOT NULL DEFAULT '1',
  PRIMARY KEY (`id`)
) ENGINE=InnoDB  DEFAULT CHARSET=latin1 AUTO_INCREMENT=2 ;

--
-- Dumping data for table `private_chats`
--

INSERT INTO `private_chats` (`id`, `title`, `created_at`, `updated_at`, `total_messages`, `member_count`, `seen`) VALUES
(1, NULL, '2014-05-26 18:13:26', '2014-05-26 18:13:26', 0, 2, 1);

-- --------------------------------------------------------

--
-- Table structure for table `private_messages`
--

CREATE TABLE IF NOT EXISTS `private_messages` (
  `id` int(11) NOT NULL AUTO_INCREMENT,
  `message` text NOT NULL,
  `chat_id` int(11) NOT NULL,
  `author` varchar(255) NOT NULL,
  `author_id` int(11) NOT NULL,
  `created_at` datetime NOT NULL,
  `updated_at` datetime NOT NULL,
  PRIMARY KEY (`id`)
) ENGINE=InnoDB  DEFAULT CHARSET=latin1 AUTO_INCREMENT=31 ;

--
-- Dumping data for table `private_messages`
--

INSERT INTO `private_messages` (`id`, `message`, `chat_id`, `author`, `author_id`, `created_at`, `updated_at`) VALUES
(1, 'gotta', 1, 'Omnium', 1, '2014-08-03 22:20:31', '2014-08-03 22:20:31'),
(2, 'test', 1, 'Omnium', 1, '2014-08-03 22:20:32', '2014-08-03 22:20:32'),
(3, 'some ', 1, 'Omnium', 1, '2014-08-03 22:20:33', '2014-08-03 22:20:33'),
(4, 'nonsense', 1, 'Omnium', 1, '2014-08-03 22:20:36', '2014-08-03 22:20:36'),
(5, 'messages', 1, 'Omnium', 1, '2014-08-03 22:20:37', '2014-08-03 22:20:37'),
(6, 'don&#39;t', 1, 'Omnium', 1, '2014-08-03 22:20:38', '2014-08-03 22:20:38'),
(7, 'you', 1, 'Omnium', 1, '2014-08-03 22:20:39', '2014-08-03 22:20:39'),
(8, 'know', 1, 'Omnium', 1, '2014-08-03 22:20:40', '2014-08-03 22:20:40'),
(9, 'this', 1, 'Omnium', 1, '2014-08-03 22:20:42', '2014-08-03 22:20:42'),
(10, 'stuff', 1, 'Omnium', 1, '2014-08-03 22:20:43', '2014-08-03 22:20:43'),
(11, 'i', 1, 'Omnium', 1, '2014-08-03 22:20:46', '2014-08-03 22:20:46'),
(12, 'don&#39;t', 1, 'Omnium', 1, '2014-08-03 22:20:47', '2014-08-03 22:20:47'),
(13, 'know', 1, 'Omnium', 1, '2014-08-03 22:20:48', '2014-08-03 22:20:48'),
(14, 'why', 1, 'Omnium', 1, '2014-08-03 22:20:49', '2014-08-03 22:20:49'),
(15, 'this', 1, 'Omnium', 1, '2014-08-03 22:21:12', '2014-08-03 22:21:12'),
(16, 'is', 1, 'Omnium', 1, '2014-08-03 22:21:13', '2014-08-03 22:21:13'),
(17, 'some', 1, 'Omnium', 1, '2014-08-03 22:21:15', '2014-08-03 22:21:15'),
(18, 'nonsense', 1, 'Omnium', 1, '2014-08-03 22:21:17', '2014-08-03 22:21:17'),
(19, 'stuff', 1, 'Omnium', 1, '2014-08-03 22:21:42', '2014-08-03 22:21:42'),
(20, 'test', 1, 'Omnium', 1, '2014-08-03 22:24:55', '2014-08-03 22:24:55'),
(21, 'more test', 1, 'Omnium', 1, '2014-08-03 22:27:41', '2014-08-03 22:27:41'),
(22, 'test', 1, 'Omnium', 1, '2014-08-03 22:28:07', '2014-08-03 22:28:07'),
(23, 'test', 1, 'Omnium', 1, '2014-08-03 22:28:37', '2014-08-03 22:28:37'),
(24, 'more test', 1, 'Omnium', 1, '2014-08-03 22:28:40', '2014-08-03 22:28:40'),
(25, 'even.. more test?', 1, 'Omnium', 1, '2014-08-03 22:28:45', '2014-08-03 22:28:45'),
(26, 'test', 1, 'Omnium', 1, '2014-08-03 22:28:49', '2014-08-03 22:28:49'),
(27, 'stf', 1, 'Omnium', 1, '2014-08-03 22:29:51', '2014-08-03 22:29:51'),
(28, 'test', 1, 'Omnium', 1, '2014-08-03 22:31:49', '2014-08-03 22:31:49'),
(29, 'please for the love of god', 1, 'Omnium', 1, '2014-08-03 22:36:32', '2014-08-03 22:36:32'),
(30, 'does this work?', 1, 'Omnium', 1, '2014-08-03 22:36:52', '2014-08-03 22:36:52');

-- --------------------------------------------------------

--
-- Table structure for table `requests`
--

CREATE TABLE IF NOT EXISTS `requests` (
  `id` int(11) NOT NULL AUTO_INCREMENT,
  `created_at` datetime NOT NULL,
  `updated_at` datetime NOT NULL,
  `user_id` int(11) NOT NULL,
  `type` int(11) NOT NULL DEFAULT '0',
  `global_type` varchar(255) DEFAULT NULL,
  `message` text,
  `seen` int(11) NOT NULL DEFAULT '0',
  `sender_id` int(11) NOT NULL DEFAULT '0',
  `sender` varchar(255) DEFAULT NULL,
  `sender_type` int(11) NOT NULL DEFAULT '0',
  PRIMARY KEY (`id`)
) ENGINE=InnoDB DEFAULT CHARSET=latin1 AUTO_INCREMENT=1 ;

-- --------------------------------------------------------

--
-- Table structure for table `serials`
--

CREATE TABLE IF NOT EXISTS `serials` (
  `id` int(11) NOT NULL AUTO_INCREMENT,
  `serial_id` int(11) NOT NULL,
  `created_at` datetime DEFAULT NULL,
  `updated_at` datetime DEFAULT NULL,
  `last_post` varchar(255) COLLATE utf8_unicode_ci NOT NULL DEFAULT '0',
  PRIMARY KEY (`id`)
) ENGINE=InnoDB  DEFAULT CHARSET=utf8 COLLATE=utf8_unicode_ci AUTO_INCREMENT=242 ;

--
-- Dumping data for table `serials`
--

INSERT INTO `serials` (`id`, `serial_id`, `created_at`, `updated_at`, `last_post`) VALUES
(1, 12276658, '2014-01-05 21:42:53', '2014-03-01 20:15:14', '0'),
(2, 5130636, '2014-01-07 01:46:58', '2014-01-07 03:29:42', '0'),
(3, 7048806, '2014-01-08 00:33:00', '2014-01-08 01:55:51', '0'),
(4, 15110603, '2014-01-08 21:40:31', '2014-01-09 05:17:13', '0'),
(5, 12699208, '2014-01-09 02:49:14', '2014-01-09 03:01:28', '0'),
(6, 14827359, '2014-01-10 03:54:39', '2014-01-10 05:09:31', '0'),
(7, 8485850, '2014-01-10 22:02:06', '2014-01-11 01:02:14', '0'),
(8, 13998609, '2014-01-11 17:45:32', '2014-01-12 05:59:25', '2014-01-12T05:59:23+00:00'),
(9, 15782864, '2014-01-12 04:25:55', '2014-01-12 04:26:14', '0'),
(10, 3161968, '2014-01-12 21:01:23', '2014-01-13 05:43:13', '2014-01-12T22:02:41+00:00'),
(11, 3529347, '2014-01-14 01:52:38', '2014-01-14 02:04:51', '0'),
(12, 707411, '2014-01-20 01:02:56', '2014-01-20 01:25:03', '0'),
(13, 11291252, '2014-01-22 21:07:18', '2014-01-22 21:29:59', '0'),
(14, 2136504, '2014-01-25 01:46:13', '2014-01-25 02:39:02', '0'),
(15, 555177, '2014-01-26 23:04:10', '2014-01-27 00:52:11', '0'),
(16, 13153534, '2014-01-27 23:14:57', '2014-01-27 23:14:58', '0'),
(17, 3409242, '2014-02-01 05:03:15', '2014-02-01 05:46:54', '0'),
(18, 12471689, '2014-02-01 16:37:00', '2014-02-01 17:28:49', '0'),
(19, 4934844, '2014-02-02 03:28:52', '2014-02-02 04:11:35', '0'),
(20, 1718009, '2014-02-02 20:31:10', '2014-02-03 05:41:01', '0'),
(21, 6162364, '2014-02-26 18:07:16', '2014-02-26 21:24:08', '0'),
(22, 6147222, '2014-02-28 04:23:26', '2014-02-28 04:23:26', '0'),
(23, 532331, '2014-02-28 04:23:30', '2014-02-28 05:32:56', '0'),
(24, 8486181, '2014-03-01 00:53:55', '2014-03-01 00:53:57', '0'),
(25, 15574903, '2014-03-01 00:53:55', '2014-03-01 01:05:48', '0'),
(26, 16033942, '2014-03-01 01:11:19', '2014-03-01 01:11:19', '0'),
(27, 9008028, '2014-03-01 01:11:22', '2014-03-01 01:11:22', '0'),
(28, 7718129, '2014-03-01 01:11:26', '2014-03-01 01:11:26', '0'),
(29, 14816805, '2014-03-01 01:11:26', '2014-03-01 01:11:26', '0'),
(30, 2420337, '2014-03-01 01:11:31', '2014-03-01 01:11:31', '0'),
(31, 13196573, '2014-03-01 01:11:37', '2014-03-01 01:11:37', '0'),
(32, 9099539, '2014-03-01 01:11:37', '2014-03-01 01:11:37', '0'),
(33, 2640604, '2014-03-01 01:12:00', '2014-03-01 01:12:00', '0'),
(34, 7737291, '2014-03-01 01:12:02', '2014-03-01 01:12:02', '0'),
(35, 1133222, '2014-03-01 01:16:05', '2014-03-01 01:16:05', '0'),
(36, 14831695, '2014-03-01 01:16:06', '2014-03-01 01:16:06', '0'),
(37, 9157553, '2014-03-01 01:16:07', '2014-03-01 01:16:07', '0'),
(38, 316215, '2014-03-01 01:16:29', '2014-03-01 01:16:29', '0'),
(39, 15490051, '2014-03-01 01:16:31', '2014-03-01 01:16:31', '0'),
(40, 1444224, '2014-03-01 01:19:44', '2014-03-01 01:19:44', '0'),
(41, 4202336, '2014-03-01 01:19:46', '2014-03-01 01:19:46', '0'),
(42, 3097684, '2014-03-01 01:21:32', '2014-03-01 01:49:58', '0'),
(43, 8200980, '2014-03-01 01:50:34', '2014-03-01 01:50:47', '0'),
(44, 6196905, '2014-03-01 01:50:48', '2014-03-01 01:50:48', '0'),
(45, 2945751, '2014-03-01 01:50:49', '2014-03-01 01:50:49', '0'),
(46, 7047615, '2014-03-01 01:50:51', '2014-03-01 01:50:51', '0'),
(47, 9433454, '2014-03-01 01:50:52', '2014-03-01 01:50:52', '0'),
(48, 9733421, '2014-03-01 01:50:59', '2014-03-01 01:51:33', '0'),
(49, 12746067, '2014-03-01 18:55:45', '2014-03-01 18:55:45', '0'),
(50, 13657724, '2014-03-01 18:55:45', '2014-03-01 20:31:15', '0'),
(51, 103290313, '2014-03-02 05:23:12', '2014-03-02 06:31:04', '0'),
(52, 236391086, '2014-03-02 05:23:12', '2014-03-02 05:23:13', '0'),
(53, 266970686, '2014-03-02 20:50:52', '2014-03-02 20:50:55', '0'),
(54, 161012628, '2014-03-02 20:50:57', '2014-03-02 22:09:48', '0'),
(55, 265245956, '2014-03-08 19:49:56', '2014-03-08 19:49:56', '0'),
(56, 165639804, '2014-03-08 19:50:00', '2014-03-08 22:13:33', '0'),
(57, 107297714, '2014-03-09 19:06:22', '2014-03-09 19:06:24', '0'),
(58, 88045687, '2014-03-09 19:06:28', '2014-03-09 21:15:39', '0'),
(59, 113422675, '2014-03-10 03:32:16', '2014-03-10 04:28:17', '0'),
(60, 99710105, '2014-03-10 03:32:16', '2014-03-10 03:32:17', '0'),
(61, 240851329, '2014-03-10 16:24:05', '2014-03-10 17:50:33', '2014-03-10T16:28:56+00:00'),
(62, 164832187, '2014-03-10 16:24:05', '2014-03-10 16:24:05', '0'),
(63, 207244722, '2014-03-11 00:39:32', '2014-03-11 00:39:33', '0'),
(64, 121045184, '2014-03-11 00:39:32', '2014-03-11 01:07:28', '0'),
(65, 46701670, '2014-03-11 17:30:29', '2014-03-11 17:30:30', '0'),
(66, 14001540, '2014-03-11 17:30:29', '2014-03-11 19:14:52', '0'),
(67, 235040219, '2014-03-12 00:25:50', '2014-03-12 00:25:51', '0'),
(68, 85529877, '2014-03-12 00:25:50', '2014-03-12 01:20:11', '0'),
(69, 170765005, '2014-03-12 17:26:54', '2014-03-12 17:26:55', '0'),
(70, 138023044, '2014-03-12 17:26:54', '2014-03-12 21:55:55', '0'),
(71, 198539645, '2014-03-13 00:55:48', '2014-03-13 04:07:30', '2014-03-13T03:37:28+00:00'),
(72, 147637637, '2014-03-13 00:55:48', '2014-03-13 00:55:50', '0'),
(73, 126319180, '2014-03-13 22:41:29', '2014-03-13 22:41:29', '0'),
(74, 128598891, '2014-03-13 22:41:34', '2014-03-14 01:29:12', '0'),
(75, 149385952, '2014-03-14 22:27:38', '2014-03-14 22:27:38', '0'),
(76, 81062440, '2014-03-14 22:27:38', '2014-03-15 04:16:38', '0'),
(77, 181365801, '2014-03-15 18:37:30', '2014-03-15 18:37:30', '0'),
(78, 196286808, '2014-03-15 18:37:36', '2014-03-15 22:35:07', '0'),
(79, 111917876, '2014-03-27 14:27:07', '2014-03-27 14:27:07', '0'),
(80, 108792083, '2014-03-27 14:27:11', '2014-03-27 14:48:42', '0'),
(81, 166978134, '2014-03-30 20:14:49', '2014-03-30 21:12:45', '0'),
(82, 252173423, '2014-03-30 20:14:50', '2014-03-30 20:14:51', '0'),
(83, 228551713, '2014-04-02 17:26:33', '2014-04-02 17:26:33', '0'),
(84, 228566848, '2014-04-02 17:26:33', '2014-04-02 20:04:12', '0'),
(85, 150673056, '2014-04-02 20:05:37', '2014-04-02 20:05:37', '0'),
(86, 201703400, '2014-04-02 20:05:47', '2014-04-02 20:05:47', '0'),
(87, 182449212, '2014-04-02 20:05:53', '2014-04-02 20:05:53', '0'),
(88, 195781250, '2014-04-02 20:05:53', '2014-04-02 20:05:53', '0'),
(89, 181755052, '2014-04-02 20:06:02', '2014-04-02 20:06:02', '0'),
(90, 188092122, '2014-04-02 20:06:04', '2014-04-02 20:06:04', '0'),
(91, 68340170, '2014-04-02 20:06:09', '2014-04-02 20:06:09', '0'),
(92, 124735286, '2014-04-02 20:06:09', '2014-04-02 20:06:09', '0'),
(93, 263726371, '2014-04-02 20:06:12', '2014-04-02 20:06:12', '0'),
(94, 223346120, '2014-04-02 20:06:47', '2014-04-02 20:06:59', '0'),
(95, 221693342, '2014-04-02 20:07:00', '2014-04-02 20:07:00', '0'),
(96, 39545705, '2014-04-02 20:12:03', '2014-04-02 20:21:33', '0'),
(97, 190192778, '2014-04-05 17:57:29', '2014-04-05 17:57:29', '0'),
(98, 177648557, '2014-04-05 17:57:34', '2014-04-05 18:17:04', '0'),
(99, 91147425, '2014-04-06 15:49:23', '2014-04-06 17:23:30', '0'),
(100, 119659670, '2014-04-06 15:49:23', '2014-04-06 15:49:23', '0'),
(101, 105219527, '2014-04-06 20:27:10', '2014-04-06 20:27:10', '0'),
(102, 59274930, '2014-04-06 20:27:10', '2014-04-06 22:47:27', '2014-04-06T20:35:38+00:00'),
(103, 156965438, '2014-04-21 01:17:27', '2014-04-21 01:17:27', '0'),
(104, 252177145, '2014-04-21 01:17:27', '2014-04-21 05:10:55', '0'),
(105, 194153494, '2014-04-21 04:24:40', '2014-04-21 04:24:40', '0'),
(106, 213433632, '2014-04-21 04:24:45', '2014-04-21 04:24:45', '0'),
(107, 87487891, '2014-04-21 04:24:49', '2014-04-21 04:24:49', '0'),
(108, 212411161, '2014-04-21 04:24:56', '2014-04-21 04:24:56', '0'),
(109, 229350880, '2014-04-22 00:30:26', '2014-04-22 00:30:26', '0'),
(110, 258765523, '2014-04-22 00:30:26', '2014-04-22 00:46:20', '0'),
(111, 241042432, '2014-04-23 23:02:11', '2014-04-23 23:29:45', '0'),
(112, 131465589, '2014-04-23 23:02:11', '2014-04-23 23:02:11', '0'),
(113, 120673423, '2014-04-24 23:04:00', '2014-04-24 23:04:00', '0'),
(114, 175848572, '2014-04-24 23:04:09', '2014-04-25 00:46:31', '0'),
(115, 110314926, '2014-04-26 00:22:36', '2014-04-26 01:44:20', '0'),
(116, 134575089, '2014-04-26 00:22:36', '2014-04-26 00:22:36', '0'),
(117, 95925107, '2014-04-26 16:25:31', '2014-04-26 16:25:31', '0'),
(118, 97314496, '2014-04-26 16:25:33', '2014-04-26 17:48:30', '0'),
(119, 86476754, '2014-04-27 03:50:28', '2014-04-27 03:50:28', '0'),
(120, 110339485, '2014-04-27 03:50:30', '2014-04-27 04:28:41', '0'),
(121, 166276011, '2014-04-27 17:53:54', '2014-04-27 17:53:54', '0'),
(122, 130435529, '2014-04-27 17:53:55', '2014-04-27 20:40:37', '0'),
(123, 139302855, '2014-04-28 16:35:03', '2014-04-28 18:08:15', '0'),
(124, 194207296, '2014-04-28 16:35:03', '2014-04-28 16:35:03', '0'),
(125, 10234476, '2014-04-30 00:54:38', '2014-04-30 01:56:16', '0'),
(126, 43365243, '2014-04-30 00:54:38', '2014-04-30 00:54:38', '0'),
(127, 19970146, '2014-05-03 17:09:51', '2014-05-03 17:09:51', '0'),
(128, 102037388, '2014-05-03 17:09:52', '2014-05-03 18:28:03', '0'),
(129, 42098168, '2014-05-16 18:08:27', '2014-05-16 18:08:27', '0'),
(130, 105854833, '2014-05-16 18:08:28', '2014-05-16 19:45:17', '0'),
(131, 23813678, '2014-05-17 19:47:55', '2014-05-17 19:47:55', '0'),
(132, 262503274, '2014-05-17 19:48:04', '2014-05-17 19:50:15', '0'),
(133, 180532035, '2014-05-18 21:41:22', '2014-05-18 21:41:22', '0'),
(134, 57101931, '2014-05-18 21:41:28', '2014-05-18 23:26:15', '0'),
(135, 142717643, '2014-05-22 00:41:35', '2014-05-22 00:41:35', '0'),
(136, 88123491, '2014-05-22 00:41:36', '2014-05-22 01:15:22', '0'),
(137, 219442632, '2014-05-25 19:53:02', '2014-05-25 19:53:02', '0'),
(138, 54859409, '2014-05-25 19:53:03', '2014-05-25 20:56:47', '0'),
(139, 168573926, '2014-05-26 17:47:41', '2014-05-26 17:47:41', '0'),
(140, 15799328, '2014-05-26 17:47:43', '2014-05-26 19:16:50', '0'),
(141, 220890072, '2014-05-31 21:50:33', '2014-05-31 21:50:33', '0'),
(142, 236132433, '2014-05-31 21:50:34', '2014-05-31 22:50:30', '0'),
(143, 193979049, '2014-06-01 21:00:44', '2014-06-01 21:00:44', '0'),
(144, 207668607, '2014-06-01 21:00:49', '2014-06-01 22:18:52', '0'),
(145, 119558621, '2014-06-04 01:11:17', '2014-06-04 01:11:17', '0'),
(146, 143930345, '2014-06-04 01:11:19', '2014-06-04 01:36:44', '0'),
(147, 54767886, '2014-06-04 05:12:00', '2014-06-04 05:14:51', '0'),
(148, 54368729, '2014-06-06 00:38:53', '2014-06-06 00:38:53', '0'),
(149, 86362447, '2014-06-06 00:39:03', '2014-06-06 01:42:55', '0'),
(150, 203561134, '2014-06-10 04:48:48', '2014-06-10 04:48:48', '0'),
(151, 266557652, '2014-06-10 04:48:49', '2014-06-10 05:22:14', '0'),
(152, 83640547, '2014-06-11 00:12:41', '2014-06-11 00:12:41', '0'),
(153, 226015066, '2014-06-11 00:12:42', '2014-06-11 00:41:36', '0'),
(154, 40705980, '2014-06-11 23:41:30', '2014-06-11 23:41:30', '0'),
(155, 137880073, '2014-06-11 23:41:31', '2014-06-12 01:57:39', '0'),
(156, 169693618, '2014-06-12 03:43:49', '2014-06-12 04:09:27', '0'),
(157, 103708759, '2014-06-14 17:49:13', '2014-06-14 17:49:13', '0'),
(158, 175120539, '2014-06-14 17:49:15', '2014-06-14 18:57:43', '0'),
(159, 261291294, '2014-06-15 01:49:03', '2014-06-15 01:59:24', '0'),
(160, 93142323, '2014-06-15 22:53:09', '2014-06-15 22:53:09', '0'),
(161, 145867030, '2014-06-15 22:53:09', '2014-06-15 22:53:09', '0'),
(162, 104808579, '2014-06-21 05:16:34', '2014-06-21 05:16:34', '0'),
(163, 116236217, '2014-06-21 05:16:34', '2014-06-21 05:39:34', '0'),
(164, 38816918, '2014-06-24 03:29:20', '2014-06-24 03:29:20', '0'),
(165, 126123155, '2014-06-24 03:29:20', '2014-06-24 03:49:03', '0'),
(166, 90396983, '2014-06-26 03:41:35', '2014-06-26 03:41:35', '0'),
(167, 216684825, '2014-06-26 03:41:36', '2014-06-26 03:45:55', '0'),
(168, 64248701, '2014-06-27 01:16:18', '2014-06-27 01:16:18', '0'),
(169, 134856570, '2014-06-27 01:16:19', '2014-06-27 01:25:23', '0'),
(170, 209438963, '2014-06-29 01:12:29', '2014-06-29 01:12:29', '0'),
(171, 83637285, '2014-06-29 01:12:30', '2014-06-29 01:42:47', '0'),
(172, 21684705, '2014-06-29 21:55:32', '2014-06-29 21:55:32', '0'),
(173, 29624963, '2014-06-29 21:55:37', '2014-06-29 22:37:21', '0'),
(174, 100288325, '2014-06-29 22:29:45', '2014-06-29 22:29:56', '0'),
(175, 110847192, '2014-07-01 03:17:51', '2014-07-01 03:17:51', '0'),
(176, 81252728, '2014-07-01 03:17:52', '2014-07-01 03:31:09', '0'),
(177, 146323254, '2014-07-01 22:37:51', '2014-07-01 22:37:51', '0'),
(178, 192309694, '2014-07-01 22:37:52', '2014-07-01 22:49:18', '0'),
(179, 59432269, '2014-07-04 15:14:20', '2014-07-04 15:14:20', '0'),
(180, 114044275, '2014-07-04 15:14:21', '2014-07-04 15:14:21', '0'),
(181, 130480356, '2014-07-05 16:12:35', '2014-07-05 16:12:35', '0'),
(182, 74573145, '2014-07-05 16:12:36', '2014-07-05 16:12:36', '0'),
(183, 93425306, '2014-07-12 17:31:47', '2014-07-12 17:31:47', '0'),
(184, 192836642, '2014-07-12 17:31:48', '2014-07-12 19:19:31', '0'),
(185, 129686351, '2014-07-13 01:43:52', '2014-07-13 01:44:29', '0'),
(186, 106732960, '2014-07-13 05:15:36', '2014-07-13 05:15:36', '0'),
(187, 224743810, '2014-07-13 17:44:29', '2014-07-13 17:44:29', '0'),
(188, 116257704, '2014-07-13 17:44:30', '2014-07-13 17:44:30', '0'),
(189, 32814870, '2014-07-13 21:24:34', '2014-07-13 21:24:34', '0'),
(190, 47903202, '2014-07-14 01:36:23', '2014-07-14 01:39:59', '0'),
(191, 155465294, '2014-07-18 22:39:07', '2014-07-18 22:39:07', '0'),
(192, 153251245, '2014-07-18 22:39:09', '2014-07-18 22:39:17', '0'),
(193, 97168747, '2014-07-19 00:30:27', '2014-07-19 00:30:27', '0'),
(194, 260030445, '2014-07-19 00:30:27', '2014-07-19 00:30:27', '0'),
(195, 114919667, '2014-07-21 01:02:08', '2014-07-21 01:54:05', '0'),
(196, 226107687, '2014-07-22 23:23:29', '2014-07-22 23:23:29', '0'),
(197, 80208967, '2014-07-22 23:23:31', '2014-07-22 23:23:31', '0'),
(198, 268078701, '2014-07-26 19:49:16', '2014-07-26 19:49:16', '0'),
(199, 117667229, '2014-07-26 19:49:17', '2014-07-26 19:49:17', '0'),
(200, 182583132, '2014-07-28 18:53:44', '2014-07-28 18:53:44', '0'),
(201, 13500999, '2014-07-31 03:21:00', '2014-07-31 03:21:00', '0'),
(202, 158968135, '2014-08-01 01:41:52', '2014-08-01 01:41:52', '0'),
(203, 43375126, '2014-08-01 01:41:52', '2014-08-01 01:41:52', '0'),
(204, 193240867, '2014-08-01 18:47:09', '2014-08-01 19:20:32', '0'),
(205, 224785232, '2014-08-01 19:45:56', '2014-08-01 19:45:56', '0'),
(206, 24282545, '2014-08-02 01:16:14', '2014-08-02 01:16:14', '0'),
(207, 232943716, '2014-08-02 21:01:28', '2014-08-02 21:01:28', '0'),
(208, 232413078, '2014-08-02 21:01:28', '2014-08-02 21:01:28', '0'),
(209, 207713336, '2014-08-02 21:01:28', '2014-08-02 21:01:28', '0'),
(210, 139004494, '2014-08-02 21:01:28', '2014-08-02 21:01:28', '0'),
(211, 103650795, '2014-08-02 21:01:28', '2014-08-02 21:01:28', '0'),
(212, 247822271, '2014-08-02 21:01:29', '2014-08-02 21:01:29', '0'),
(213, 31541016, '2014-08-03 03:22:47', '2014-08-03 03:50:16', '0'),
(214, 260324891, '2014-08-03 18:09:18', '2014-08-03 18:54:25', '0'),
(215, 213369525, '2014-08-03 19:23:09', '2014-08-03 19:23:09', '0'),
(216, 125063196, '2014-08-03 21:33:41', '2014-08-03 21:33:41', '0'),
(217, 239022661, '2014-08-03 21:33:41', '2014-08-03 22:08:32', '0'),
(218, 69574714, '2014-08-04 04:35:02', '2014-08-04 04:35:02', '0'),
(219, 630593, '2014-08-04 18:15:38', '2014-08-04 18:15:38', '0'),
(220, 164434223, '2014-08-04 18:15:40', '2014-08-04 19:08:55', '0'),
(221, 204823550, '2014-08-04 22:02:08', '2014-08-04 22:02:08', '0'),
(222, 71649559, '2014-08-05 04:01:42', '2014-08-05 04:01:42', '0'),
(223, 108512532, '2014-08-05 04:01:42', '2014-08-05 04:01:42', '0'),
(224, 146099189, '2014-08-05 04:01:42', '2014-08-05 04:01:42', '0'),
(225, 38979150, '2014-08-05 04:04:49', '2014-08-05 04:04:49', '0'),
(226, 136106446, '2014-08-05 18:24:15', '2014-08-05 18:24:15', '0'),
(227, 244133758, '2014-08-05 18:24:15', '2014-08-05 18:24:15', '0'),
(228, 234655213, '2014-08-06 01:38:58', '2014-08-06 01:38:58', '0'),
(229, 66840329, '2014-08-06 18:01:39', '2014-08-06 18:01:39', '0'),
(230, 186748993, '2014-08-13 06:37:03', '2014-08-13 06:37:03', '0'),
(231, 56770169, '2014-08-13 16:47:27', '2014-08-13 16:47:27', '0'),
(232, 184093292, '2014-08-13 16:47:27', '2014-08-13 16:47:27', '0'),
(233, 252549917, '2014-08-13 19:21:06', '2014-08-13 19:21:06', '0'),
(234, 205801104, '2014-08-13 23:22:15', '2014-08-13 23:24:38', '0'),
(235, 117978928, '2014-08-14 15:52:32', '2014-08-14 15:52:32', '0'),
(236, 186534423, '2014-08-14 15:52:33', '2014-08-14 15:52:33', '0'),
(237, 70127618, '2014-08-14 15:53:36', '2014-08-14 15:53:36', '0'),
(238, 146410330, '2014-08-14 15:53:40', '2014-08-14 15:53:40', '0'),
(239, 117534213, '2014-08-14 15:53:42', '2014-08-14 15:53:42', '0'),
(240, 148278560, '2014-08-14 15:53:46', '2014-08-14 15:53:46', '0'),
(241, 54942914, '2014-08-14 15:54:02', '2014-08-14 15:54:02', '0');

-- --------------------------------------------------------

--
-- Table structure for table `tags`
--

CREATE TABLE IF NOT EXISTS `tags` (
  `id` int(11) NOT NULL AUTO_INCREMENT,
  `name` varchar(255) COLLATE utf8_unicode_ci NOT NULL,
  `created_at` datetime DEFAULT NULL,
  `updated_at` datetime DEFAULT NULL,
  `popularity` int(11) NOT NULL DEFAULT '1',
  `admin` varchar(255) COLLATE utf8_unicode_ci NOT NULL DEFAULT '0',
  `description` text COLLATE utf8_unicode_ci,
  `info` text COLLATE utf8_unicode_ci,
  `raw_info` text COLLATE utf8_unicode_ci,
  PRIMARY KEY (`id`),
  KEY `tag` (`name`)
) ENGINE=InnoDB  DEFAULT CHARSET=utf8 COLLATE=utf8_unicode_ci AUTO_INCREMENT=15 ;

--
-- Dumping data for table `tags`
--

INSERT INTO `tags` (`id`, `name`, `created_at`, `updated_at`, `popularity`, `admin`, `description`, `info`, `raw_info`) VALUES
(1, 'testing', NULL, '2014-08-06 21:16:44', 22, 'Omnium', '', '<strong>General Info</strong><br />\nA community for:</p>\n<ol>\n<li>testing</li>\n<li>more testing</li>\n<li>even more testing</li>\n</ol>', '**General Info**\r\nA community for:\r\n1. testing\r\n2. more testing\r\n3. even more testing\r\n\r\n\r\n\r\n'),
(2, 'test', NULL, '2014-03-11 18:52:52', 4, 'Omnium', NULL, NULL, ''),
(3, 'science', NULL, '2014-01-10 23:08:30', 0, 'Omnium', NULL, NULL, ''),
(4, 'philosophy', NULL, NULL, 0, '0', NULL, NULL, ''),
(5, 'nature', NULL, NULL, 0, '0', NULL, NULL, ''),
(6, 'something', NULL, NULL, 0, '0', NULL, NULL, ''),
(7, 'technology', NULL, NULL, 0, '0', NULL, NULL, ''),
(8, 'physics', NULL, NULL, 0, '0', NULL, NULL, ''),
(9, 'probability', NULL, NULL, 0, '0', NULL, NULL, ''),
(10, 'asfasdfasdfasdf', NULL, NULL, 0, '0', NULL, NULL, ''),
(11, 'asffdsweffdwe', NULL, NULL, 0, '0', NULL, NULL, ''),
(12, 'sdfwefdsasdfwf', NULL, NULL, 0, '0', NULL, NULL, ''),
(13, 'sdfewfasdwef', NULL, NULL, 0, '0', NULL, NULL, ''),
(14, 'asdfsdfdsfewdffs', NULL, NULL, 0, '0', NULL, NULL, '');

-- --------------------------------------------------------

--
-- Table structure for table `users`
--

CREATE TABLE IF NOT EXISTS `users` (
  `id` int(11) NOT NULL AUTO_INCREMENT,
  `created_at` datetime DEFAULT NULL,
  `updated_at` datetime DEFAULT NULL,
  `name` varchar(255) COLLATE utf8_unicode_ci NOT NULL,
  `password` varchar(255) COLLATE utf8_unicode_ci NOT NULL,
  `email` varchar(255) COLLATE utf8_unicode_ci DEFAULT NULL,
  `serial_id` int(11) NOT NULL DEFAULT '0',
  `cognizance` int(11) NOT NULL DEFAULT '0',
  `total_cognizance` int(11) NOT NULL DEFAULT '0',
  `level` int(11) NOT NULL DEFAULT '0',
  `next_level` int(11) NOT NULL DEFAULT '120',
  `last_login` datetime NOT NULL,
  `is_admin` int(11) NOT NULL DEFAULT '0',
  `about` text COLLATE utf8_unicode_ci,
  `about_raw` text COLLATE utf8_unicode_ci,
  `page` varchar(255) COLLATE utf8_unicode_ci NOT NULL DEFAULT 'home',
  `chat_id` int(11) NOT NULL DEFAULT '0',
  `anonymous` int(11) NOT NULL DEFAULT '0',
  `evaluated` int(11) NOT NULL DEFAULT '1',
  `disconnecting` int(11) NOT NULL DEFAULT '0',
  `disconnect_time` datetime DEFAULT NULL,
  `online` int(11) NOT NULL DEFAULT '0',
  `ip_address` varchar(255) COLLATE utf8_unicode_ci DEFAULT NULL,
  `tag_mod` int(11) NOT NULL DEFAULT '0',
  `tag_admin` int(11) NOT NULL DEFAULT '0',
  PRIMARY KEY (`id`),
  KEY `name` (`name`,`level`,`is_admin`)
) ENGINE=InnoDB  DEFAULT CHARSET=utf8 COLLATE=utf8_unicode_ci AUTO_INCREMENT=7 ;

--
-- Dumping data for table `users`
--

INSERT INTO `users` (`id`, `created_at`, `updated_at`, `name`, `password`, `email`, `serial_id`, `cognizance`, `total_cognizance`, `level`, `next_level`, `last_login`, `is_admin`, `about`, `about_raw`, `page`, `chat_id`, `anonymous`, `evaluated`, `disconnecting`, `disconnect_time`, `online`, `ip_address`, `tag_mod`, `tag_admin`) VALUES
(1, NULL, '2014-08-14 02:44:03', 'Omnium', 'eyJpdiI6IjUwekpFZzRqWkxYdW05U1hmSTN5ZjRQb0QwdEM0QUZiRUd1dFNNN3VJUGM9IiwidmFsdWUiOiIwbitaQU5tMmZsdkFkYkJ5cEYyUTQzMEhVU0FIaHRCM0VkaGU4VmhOY2xNPSIsIm1hYyI6IjlhNmI4MjdmMzFhNDI4ZWE3YjE4ZmZjMWRmNzFlMmE3ODVhZDlkOTM4YmE0MWYzZDgwZDYzYzM5OGJjMDJkZWIifQ==', NULL, 234, 30, 23, 0, 120, '2014-08-14 02:23:52', 1, '<strong>Name</strong> : Gavin Sellers</p>\n<p><!--<strong>Birthday</strong> : --></p>\n<p><!--<strong>Location</strong> : --></p>\n<p><!--<strong>Interests</strong> : --></p>\n<p><!--<strong>About Me</strong> : -->', '**Name** : Gavin Sellers\n\n[comment]**Birthday** : [/comment]\n\n[comment]**Location** : [/comment]\n\n[comment]**Interests** : [/comment]\n\n[comment]**About Me** : [/comment]', 'home', 0, 0, 1, 0, '2014-08-14 02:43:19', 1, NULL, 0, 0),
(2, NULL, NULL, 'Gavin', 'eyJpdiI6IkJkR0hQZWtxTktOdWdYc3NmNGFRYk1lekdkXC9SQmppa1lnVHE4RWlzMGh3PSIsInZhbHVlIjoibnFBdHFEQjBrV3JJZGVCVStUMTlCUCtvVDNmNVk2R1hLUW42STBIYWxZUT0iLCJtYWMiOiIxNDE3ZWI3NDg1MWIzYjdiNjU0MGEyZTYxMGFhYWNjYjM4YmU2NTk0NjNmMmUzNGMyMmVkMjAwMDM5YmZkNjM2In0=', NULL, 0, 0, 0, 0, 120, '2014-01-01 19:41:19', 0, NULL, NULL, 'home', 0, 0, 1, 0, NULL, 0, NULL, 0, 0),
(3, NULL, NULL, 'B105920', 'eyJpdiI6InFrM0MwYUtGdnJMZ1lnUytLczVHQ1JvTGdSa3N0MzBIQVVqdGR4eVNBajQ9IiwidmFsdWUiOiI5bGM4dkRENVpMejd6bFBpTEVZbWVuWUJiNDFyU3JFaEpFZ3h5clBka0tJPSIsIm1hYyI6IjA3NWMwYTBhYTZkZmEyMzUyOTRjY2VhMWFmN2UwNjg2ZGNkOWE1NDAzZmM2ZmEyNTY3NzI2MjMwZmM4MzQ5Y2UifQ==', NULL, 0, 0, 0, 0, 120, '2013-12-19 20:29:40', 0, NULL, NULL, 'home', 0, 0, 1, 0, NULL, 0, NULL, 0, 0),
(4, NULL, '2014-08-13 23:25:51', 'Bob', 'eyJpdiI6IkdjVHFRbm00VGtMRG9cL3MyMk9BZHlRYlZZT1wvNWtQSTkybkFDZ2ZZU2F5QT0iLCJ2YWx1ZSI6IlwvQ0RcL2lteUhqSVBnSXZnOEpiOFZLb1RsSDA3bWt1Nyt6R0Z3MGhGenFwWT0iLCJtYWMiOiIyNmNlNDMzZDgxNGI2MTJiZThjYzc5NDU1MjZhYzI0ZGQzMDRlZDhkYTIxMmFhMzI2OGZiMWZjMTc0NjNmYTM0In0=', NULL, 234, 0, 0, 0, 120, '2014-08-13 23:23:03', 0, NULL, NULL, 'home', 6, 0, 1, 1, '2014-08-13 23:25:51', 1, NULL, 0, 0),
(5, NULL, NULL, 'Test', 'eyJpdiI6IkExTXFrVFVmbWlpcmJINENNSytQRlwvSG5IYklVcXpYR1VMVUFpTGtUaHVBPSIsInZhbHVlIjoidXVEY2pxdHViYkN2eTRFbHI2SUlnM0w0WXA5YWt6dzluT0I1UENBTTQ1WT0iLCJtYWMiOiJmNGVkODJiNTFjOWYzN2E1NThkYjU0Y2YyMzNjN2Q4ODVlMjg1NjUxZmQ2MGZmODM3ODIxZmNiZDM2ZWE3ODhkIn0=', NULL, 0, 0, 0, 0, 120, '2014-01-12 23:22:57', 0, NULL, NULL, 'home', 0, 0, 1, 0, NULL, 0, NULL, 0, 0),
(6, '2014-07-28 21:00:29', '2014-07-28 21:02:09', 'Auros', 'eyJpdiI6IkErbUxtdXJOSitGQ3IyM0pSRE15alFXUmtkWlg0RnpYazE2c2JKZEpzeEk9IiwidmFsdWUiOiJ5ejlVZ0pPMStQME4wYUM5MEVYOTJweDlLZzJPTFN6QVNSVHlMUFdmc1JnPSIsIm1hYyI6IjEzZTY5ZjBjYTQwMTAwZDU3Y2YxZTA0YmRhZTNjNjIyOTE1ODJmZmYzODIxNmM3NzAxZjQyZTgwOWZjYTFlYmUifQ==', NULL, 200, 0, 0, 0, 120, '2014-07-28 21:00:29', 0, NULL, NULL, 'home', 0, 0, 1, 0, NULL, 1, '127.0.0.1', 0, 0);

-- --------------------------------------------------------

--
-- Table structure for table `users_to_private_chats`
--

CREATE TABLE IF NOT EXISTS `users_to_private_chats` (
  `id` int(11) NOT NULL AUTO_INCREMENT,
  `chat_id` int(11) NOT NULL,
  `user_id` int(11) NOT NULL,
  `entity_id` int(11) NOT NULL,
  `entity_type` int(11) NOT NULL DEFAULT '0',
  `visible` int(11) NOT NULL DEFAULT '1',
  `minimized` int(11) NOT NULL DEFAULT '0',
  `unseen` int(11) NOT NULL DEFAULT '0',
  PRIMARY KEY (`id`)
) ENGINE=InnoDB  DEFAULT CHARSET=latin1 AUTO_INCREMENT=3 ;

--
-- Dumping data for table `users_to_private_chats`
--

INSERT INTO `users_to_private_chats` (`id`, `chat_id`, `user_id`, `entity_id`, `entity_type`, `visible`, `minimized`, `unseen`) VALUES
(1, 1, 1, 4, 0, 1, 0, 0),
(2, 1, 4, 1, 0, 1, 0, 0);

-- --------------------------------------------------------

--
-- Table structure for table `users_to_tags`
--

CREATE TABLE IF NOT EXISTS `users_to_tags` (
  `id` int(11) NOT NULL AUTO_INCREMENT,
  `user_id` int(11) NOT NULL,
  `tag_id` int(11) NOT NULL,
  `score` int(11) NOT NULL DEFAULT '0',
  `created_at` datetime DEFAULT NULL,
  `updated_at` datetime DEFAULT NULL,
  `is_mod` int(11) NOT NULL DEFAULT '0',
  `is_admin` int(11) NOT NULL DEFAULT '0',
  PRIMARY KEY (`id`),
  KEY `user_idx` (`user_id`),
  KEY `tag_idx` (`tag_id`)
) ENGINE=InnoDB  DEFAULT CHARSET=latin1 AUTO_INCREMENT=9 ;

--
-- Dumping data for table `users_to_tags`
--

INSERT INTO `users_to_tags` (`id`, `user_id`, `tag_id`, `score`, `created_at`, `updated_at`, `is_mod`, `is_admin`) VALUES
(5, 1, 2, 11, '2014-01-10 23:08:27', '2014-08-06 21:19:01', 0, 1),
(6, 1, 3, 5, '2014-01-10 23:08:31', '2014-08-06 18:09:14', 0, 1),
(7, 1, 4, 10, '2014-01-10 23:08:33', '2014-08-06 18:20:15', 0, 0),
(8, 1, 1, 16, '2014-08-06 21:16:44', '2014-08-13 17:26:14', 0, 1);

/*!40101 SET CHARACTER_SET_CLIENT=@OLD_CHARACTER_SET_CLIENT */;
/*!40101 SET CHARACTER_SET_RESULTS=@OLD_CHARACTER_SET_RESULTS */;
/*!40101 SET COLLATION_CONNECTION=@OLD_COLLATION_CONNECTION */;
